{
    "models": {
        "LinearRegression": {
            "versions": [
                {
                    "version": 1,
                    "path": "artifacts\\LinearRegression\\v1.joblib",
                    "rmse": 14.687425735254406,
                    "mae": 12.167876091467315,
                    "r2": 0.7530312296192958
                }
            ]
        },
        "Ridge": {
            "versions": [
                {
                    "version": 1,
                    "path": "artifacts\\Ridge\\v1.joblib",
                    "rmse": 14.687339405341671,
                    "mae": 12.167830330515356,
                    "r2": 0.75303413288228
                }
            ]
        },
        "Lasso": {
            "versions": [
                {
                    "version": 1,
                    "path": "artifacts\\Lasso\\v1.joblib",
                    "rmse": 16.297077068799055,
                    "mae": 13.406343880596076,
                    "r2": 0.6959324248468701
                }
            ]
        },
        "ElasticNet": {
            "versions": [
                {
                    "version": 1,
                    "path": "artifacts\\ElasticNet\\v1.joblib",
                    "rmse": 18.368765740056006,
                    "mae": 15.09248376187453,
                    "r2": 0.6137125281721401
                }
            ]
        },
        "DecisionTree": {
            "versions": [
                {
                    "version": 1,
                    "path": "artifacts\\DecisionTree\\v1.joblib",
                    "rmse": 26.583049110288307,
                    "mae": 21.2345,
                    "r2": 0.19097813481251358
                }
            ]
        },
        "RandomForest": {
            "versions": [
                {
                    "version": 1,
                    "path": "artifacts\\RandomForest\\v1.joblib",
                    "rmse": 17.323402027956927,
                    "mae": 14.172293333333334,
                    "r2": 0.6564285714718217
                }
            ]
        },
        "GradientBoosting": {
            "versions": [
                {
                    "version": 1,
                    "path": "artifacts\\GradientBoosting\\v1.joblib",
                    "rmse": 15.336985340081432,
                    "mae": 12.721496489373832,
                    "r2": 0.7307035198345451
                }
            ]
        },
        "KNN": {
            "versions": [
                {
                    "version": 1,
                    "path": "artifacts\\KNN\\v1.joblib",
                    "rmse": 22.43858239729061,
                    "mae": 18.127299999999998,
                    "r2": 0.4235767308780546
                }
            ]
        },
        "SVR": {
            "versions": [
                {
                    "version": 1,
                    "path": "artifacts\\SVR\\v1.joblib",
                    "rmse": 16.306131947381218,
                    "mae": 13.442970295667685,
                    "r2": 0.6955944427846512
                }
            ]
        },
        "XGBoost": {
            "versions": [
                {
                    "version": 1,
                    "path": "artifacts\\XGBoost\\v1.joblib",
                    "rmse": 14.903343061186442,
                    "mae": 12.299115180969238,
                    "r2": 0.7457165718078613
                }
            ]
        }
    },
    "best_model": {
        "model": "Ridge",
        "version": 1,
        "path": "artifacts\\Ridge\\v1.joblib",
        "r2": 0.75303413288228
    }
}